Name,AttributeId,DisplayName,CoreShardItemId,MinimumDifficulty,MaximumDifficulty,SelectionWeight,DifficultyWeight,MinimumStrength,MaximumStrength,CoreShardQuantity
Soil,Soil,Soil,PortalShard,0.5,10.0,0.75,0.5,1,20,1
Wood,Wood,Wood,PortalShard,0.8,10.0,1.0,0.8,1,16,1
Stone,Stone,Stone,PortalShard,1.0,10.0,1.0,1.0,1,14,1
Copper,Copper,Copper,PortalShard,2.0,10.0,0.75,2.0,1,10,1
Gold,Gold,Gold,PortalShard,2.5,10.0,0.45,2.5,1,8,1
Iron,Iron,Iron,PortalShard,4.0,10.0,0.75,4.0,1,6,1
Coal,Coal,Coal,PortalShard,4.0,10.0,0.70,4.0,1,6,1
Petroleum,Petroleum,Petroleum,PortalShard,6.0,10.0,0.60,6.0,1,5,1
Eidos,Eidos,Eidos,PortalShard,8.0,10.0,0.40,8.0,1,4,1
